<?xml version="1.0" encoding="UTF-8"?>
<export version="D">
  <design>
    <source>/home/zenseidk/Kicad/vandstyring/vandstyring.sch</source>
    <date>Wed 03 Apr 2019 09:06:44 PM CEST</date>
    <tool>Eeschema 5.1.0-060a0da~80~ubuntu18.04.1</tool>
    <sheet number="1" name="/" tstamps="/">
      <title_block>
        <title>Water solar control system</title>
        <company>DK Firmware</company>
        <rev>0.1</rev>
        <date>2019-04-03</date>
        <source>vandstyring.sch</source>
        <comment number="1" value=""/>
        <comment number="2" value=""/>
        <comment number="3" value=""/>
        <comment number="4" value=""/>
      </title_block>
    </sheet>
  </design>
  <components>
    <comp ref="MK1">
      <value>M2.5</value>
      <footprint>MountingHole:MountingHole_2.7mm_M2.5</footprint>
      <libsource lib="vandstyring-rescue" part="Mounting_Hole-Mechanical" description=""/>
      <sheetpath names="/" tstamps="/"/>
      <tstamp>5834FB2E</tstamp>
    </comp>
    <comp ref="MK3">
      <value>M2.5</value>
      <footprint>MountingHole:MountingHole_2.7mm_M2.5</footprint>
      <libsource lib="vandstyring-rescue" part="Mounting_Hole-Mechanical" description=""/>
      <sheetpath names="/" tstamps="/"/>
      <tstamp>5834FBEF</tstamp>
    </comp>
    <comp ref="MK2">
      <value>M2.5</value>
      <footprint>MountingHole:MountingHole_2.7mm_M2.5</footprint>
      <libsource lib="vandstyring-rescue" part="Mounting_Hole-Mechanical" description=""/>
      <sheetpath names="/" tstamps="/"/>
      <tstamp>5834FC19</tstamp>
    </comp>
    <comp ref="MK4">
      <value>M2.5</value>
      <footprint>MountingHole:MountingHole_2.7mm_M2.5</footprint>
      <libsource lib="vandstyring-rescue" part="Mounting_Hole-Mechanical" description=""/>
      <sheetpath names="/" tstamps="/"/>
      <tstamp>5834FC4F</tstamp>
    </comp>
    <comp ref="P1">
      <value>Conn_02x20_Odd_Even</value>
      <footprint>Connector_PinSocket_2.54mm:PinSocket_2x20_P2.54mm_Vertical</footprint>
      <libsource lib="Connector_Generic" part="Conn_02x20_Odd_Even" description="Generic connector, double row, 02x20, odd/even pin numbering scheme (row 1 odd numbers, row 2 even numbers), script generated (kicad-library-utils/schlib/autogen/connector/)"/>
      <sheetpath names="/" tstamps="/"/>
      <tstamp>59AD464A</tstamp>
    </comp>
    <comp ref="U8">
      <value>LM358</value>
      <footprint>Package_DIP:DIP-8_W7.62mm_LongPads</footprint>
      <datasheet>http://www.ti.com/lit/ds/symlink/lm2904-n.pdf</datasheet>
      <libsource lib="Amplifier_Operational" part="LM358" description="Low-Power, Dual Operational Amplifiers, DIP-8/SOIC-8/TO-99-8"/>
      <sheetpath names="/" tstamps="/"/>
      <tstamp>5CA12F2B</tstamp>
    </comp>
    <comp ref="U6">
      <value>MAX31855KASA</value>
      <footprint>Package_SO:SOIC-8_3.9x4.9mm_P1.27mm</footprint>
      <datasheet>http://datasheets.maximintegrated.com/en/ds/MAX31855.pdf</datasheet>
      <libsource lib="Sensor_Temperature" part="MAX31855KASA" description="Cold Junction K-type Termocouple Interface, SPI, SO8"/>
      <sheetpath names="/" tstamps="/"/>
      <tstamp>5CA16051</tstamp>
    </comp>
    <comp ref="J5">
      <value>TC_0</value>
      <footprint>TerminalBlock:TerminalBlock_bornier-2_P5.08mm</footprint>
      <datasheet>~</datasheet>
      <libsource lib="Connector" part="Conn_01x02_Female" description="Generic connector, single row, 01x02, script generated (kicad-library-utils/schlib/autogen/connector/)"/>
      <sheetpath names="/" tstamps="/"/>
      <tstamp>5CA16AB7</tstamp>
    </comp>
    <comp ref="U7">
      <value>MAX31855KASA</value>
      <footprint>Package_SO:SOIC-8_3.9x4.9mm_P1.27mm</footprint>
      <datasheet>http://datasheets.maximintegrated.com/en/ds/MAX31855.pdf</datasheet>
      <libsource lib="Sensor_Temperature" part="MAX31855KASA" description="Cold Junction K-type Termocouple Interface, SPI, SO8"/>
      <sheetpath names="/" tstamps="/"/>
      <tstamp>5CA17612</tstamp>
    </comp>
    <comp ref="J6">
      <value>TC_1</value>
      <footprint>TerminalBlock:TerminalBlock_bornier-2_P5.08mm</footprint>
      <datasheet>~</datasheet>
      <libsource lib="Connector" part="Conn_01x02_Female" description="Generic connector, single row, 01x02, script generated (kicad-library-utils/schlib/autogen/connector/)"/>
      <sheetpath names="/" tstamps="/"/>
      <tstamp>5CA17D51</tstamp>
    </comp>
    <comp ref="U10">
      <value>ADS1015IDGS</value>
      <footprint>Package_SO:TSSOP-10_3x3mm_P0.5mm</footprint>
      <datasheet>http://www.ti.com/lit/ds/symlink/ads1015.pdf</datasheet>
      <libsource lib="Analog_ADC" part="ADS1015IDGS" description="Ultra-Small, Low-Power, I2C-Compatible, 3.3-kSPS, 12-Bit ADCs With Internal Reference, Oscillator, and Programmable Comparator, VSSOP-10"/>
      <sheetpath names="/" tstamps="/"/>
      <tstamp>5CA21CCF</tstamp>
    </comp>
    <comp ref="R15">
      <value>10k</value>
      <footprint>Resistor_SMD:R_1206_3216Metric_Pad1.42x1.75mm_HandSolder</footprint>
      <datasheet>~</datasheet>
      <libsource lib="Device" part="R" description="Resistor"/>
      <sheetpath names="/" tstamps="/"/>
      <tstamp>5CA37446</tstamp>
    </comp>
    <comp ref="R16">
      <value>10k</value>
      <footprint>Resistor_SMD:R_1206_3216Metric_Pad1.42x1.75mm_HandSolder</footprint>
      <datasheet>~</datasheet>
      <libsource lib="Device" part="R" description="Resistor"/>
      <sheetpath names="/" tstamps="/"/>
      <tstamp>5CA378DB</tstamp>
    </comp>
    <comp ref="J13">
      <value>NTC_0</value>
      <footprint>Connector_JST:JST_XH_B2B-XH-A_1x02_P2.50mm_Vertical</footprint>
      <datasheet>~</datasheet>
      <libsource lib="Connector" part="Conn_01x02_Female" description="Generic connector, single row, 01x02, script generated (kicad-library-utils/schlib/autogen/connector/)"/>
      <sheetpath names="/" tstamps="/"/>
      <tstamp>5CA3D651</tstamp>
    </comp>
    <comp ref="J14">
      <value>NTC_1</value>
      <footprint>Connector_JST:JST_XH_B2B-XH-A_1x02_P2.50mm_Vertical</footprint>
      <datasheet>~</datasheet>
      <libsource lib="Connector" part="Conn_01x02_Female" description="Generic connector, single row, 01x02, script generated (kicad-library-utils/schlib/autogen/connector/)"/>
      <sheetpath names="/" tstamps="/"/>
      <tstamp>5CA3E3F3</tstamp>
    </comp>
    <comp ref="R8">
      <value>1k</value>
      <footprint>Resistor_SMD:R_1206_3216Metric_Pad1.42x1.75mm_HandSolder</footprint>
      <datasheet>~</datasheet>
      <libsource lib="Device" part="R" description="Resistor"/>
      <sheetpath names="/" tstamps="/"/>
      <tstamp>5CA8CFD5</tstamp>
    </comp>
    <comp ref="R9">
      <value>2k</value>
      <footprint>Resistor_SMD:R_1206_3216Metric_Pad1.42x1.75mm_HandSolder</footprint>
      <datasheet>~</datasheet>
      <libsource lib="Device" part="R" description="Resistor"/>
      <sheetpath names="/" tstamps="/"/>
      <tstamp>5CA8D7E7</tstamp>
    </comp>
    <comp ref="R10">
      <value>1k</value>
      <footprint>Resistor_SMD:R_1206_3216Metric_Pad1.42x1.75mm_HandSolder</footprint>
      <datasheet>~</datasheet>
      <libsource lib="Device" part="R" description="Resistor"/>
      <sheetpath names="/" tstamps="/"/>
      <tstamp>5CA8DCBB</tstamp>
    </comp>
    <comp ref="R7">
      <value>4.3k</value>
      <footprint>Resistor_SMD:R_1206_3216Metric_Pad1.42x1.75mm_HandSolder</footprint>
      <datasheet>~</datasheet>
      <libsource lib="Device" part="R" description="Resistor"/>
      <sheetpath names="/" tstamps="/"/>
      <tstamp>5CA90EE2</tstamp>
    </comp>
    <comp ref="C6">
      <value>10Uf</value>
      <footprint>Capacitor_SMD:C_1206_3216Metric_Pad1.42x1.75mm_HandSolder</footprint>
      <datasheet>~</datasheet>
      <libsource lib="Device" part="C" description="Unpolarized capacitor"/>
      <sheetpath names="/" tstamps="/"/>
      <tstamp>5CA91818</tstamp>
    </comp>
    <comp ref="U2">
      <value>PC817</value>
      <footprint>Package_DIP:DIP-4_W7.62mm</footprint>
      <datasheet>http://www.soselectronic.cz/a_info/resource/d/pc817.pdf</datasheet>
      <libsource lib="Isolator" part="PC817" description="DC Optocoupler, Vce 35V, CTR 50-300%, DIP4"/>
      <sheetpath names="/" tstamps="/"/>
      <tstamp>5CA93AFC</tstamp>
    </comp>
    <comp ref="R2">
      <value>4.3k</value>
      <footprint>Resistor_SMD:R_1206_3216Metric_Pad1.42x1.75mm_HandSolder</footprint>
      <datasheet>~</datasheet>
      <libsource lib="Device" part="R" description="Resistor"/>
      <sheetpath names="/" tstamps="/"/>
      <tstamp>5CA94510</tstamp>
    </comp>
    <comp ref="J3">
      <value>FLOW_PULSE</value>
      <footprint>TerminalBlock:TerminalBlock_bornier-2_P5.08mm</footprint>
      <datasheet>~</datasheet>
      <libsource lib="Connector" part="Conn_01x02_Female" description="Generic connector, single row, 01x02, script generated (kicad-library-utils/schlib/autogen/connector/)"/>
      <sheetpath names="/" tstamps="/"/>
      <tstamp>5CA9CD76</tstamp>
    </comp>
    <comp ref="J8">
      <value>0-10V_OUT</value>
      <footprint>TerminalBlock:TerminalBlock_bornier-2_P5.08mm</footprint>
      <datasheet>~</datasheet>
      <libsource lib="Connector" part="Conn_01x02_Female" description="Generic connector, single row, 01x02, script generated (kicad-library-utils/schlib/autogen/connector/)"/>
      <sheetpath names="/" tstamps="/"/>
      <tstamp>5CAAE210</tstamp>
    </comp>
    <comp ref="J15">
      <value>AVR-ISP-10</value>
      <footprint>Connector_PinHeader_2.54mm:PinHeader_2x06_P2.54mm_Vertical</footprint>
      <datasheet> ~</datasheet>
      <libsource lib="Connector" part="AVR-ISP-10" description="Atmel 10-pin ISP connector"/>
      <sheetpath names="/" tstamps="/"/>
      <tstamp>5CAC0187</tstamp>
    </comp>
    <comp ref="U9">
      <value>ATmega328P-AU</value>
      <footprint>Package_QFP:TQFP-32_7x7mm_P0.8mm</footprint>
      <datasheet>http://ww1.microchip.com/downloads/en/DeviceDoc/ATmega328_P%20AVR%20MCU%20with%20picoPower%20Technology%20Data%20Sheet%2040001984A.pdf</datasheet>
      <libsource lib="MCU_Microchip_ATmega" part="ATmega328P-AU" description="20MHz, 32kB Flash, 2kB SRAM, 1kB EEPROM, TQFP-32"/>
      <sheetpath names="/" tstamps="/"/>
      <tstamp>5CAC2B1A</tstamp>
    </comp>
    <comp ref="Y1">
      <value>16MHz</value>
      <footprint>Crystal:Crystal_SMD_HC49-SD</footprint>
      <datasheet>~</datasheet>
      <libsource lib="Device" part="Crystal" description="Two pin crystal"/>
      <sheetpath names="/" tstamps="/"/>
      <tstamp>5CAC4161</tstamp>
    </comp>
    <comp ref="C7">
      <value>18pF</value>
      <footprint>Capacitor_SMD:C_0805_2012Metric_Pad1.15x1.40mm_HandSolder</footprint>
      <datasheet>~</datasheet>
      <libsource lib="Device" part="C" description="Unpolarized capacitor"/>
      <sheetpath names="/" tstamps="/"/>
      <tstamp>5CAC5221</tstamp>
    </comp>
    <comp ref="C8">
      <value>18pF</value>
      <footprint>Capacitor_SMD:C_0805_2012Metric_Pad1.15x1.40mm_HandSolder</footprint>
      <datasheet>~</datasheet>
      <libsource lib="Device" part="C" description="Unpolarized capacitor"/>
      <sheetpath names="/" tstamps="/"/>
      <tstamp>5CAC5CF1</tstamp>
    </comp>
    <comp ref="R14">
      <value>10k</value>
      <footprint>Resistor_SMD:R_1206_3216Metric_Pad1.42x1.75mm_HandSolder</footprint>
      <datasheet>~</datasheet>
      <libsource lib="Device" part="R" description="Resistor"/>
      <sheetpath names="/" tstamps="/"/>
      <tstamp>5CAD65B1</tstamp>
    </comp>
    <comp ref="J11">
      <value>SERIAL</value>
      <footprint>Connector_PinHeader_2.54mm:PinHeader_1x02_P2.54mm_Vertical</footprint>
      <datasheet>~</datasheet>
      <libsource lib="Connector" part="Conn_01x03_Female" description="Generic connector, single row, 01x03, script generated (kicad-library-utils/schlib/autogen/connector/)"/>
      <sheetpath names="/" tstamps="/"/>
      <tstamp>5CAF4312</tstamp>
    </comp>
    <comp ref="U3">
      <value>PC817</value>
      <footprint>Package_DIP:DIP-4_W7.62mm</footprint>
      <datasheet>http://www.soselectronic.cz/a_info/resource/d/pc817.pdf</datasheet>
      <libsource lib="Isolator" part="PC817" description="DC Optocoupler, Vce 35V, CTR 50-300%, DIP4"/>
      <sheetpath names="/" tstamps="/"/>
      <tstamp>5CB1E8CF</tstamp>
    </comp>
    <comp ref="R3">
      <value>4.3k</value>
      <footprint>Resistor_SMD:R_1206_3216Metric_Pad1.42x1.75mm_HandSolder</footprint>
      <datasheet>~</datasheet>
      <libsource lib="Device" part="R" description="Resistor"/>
      <sheetpath names="/" tstamps="/"/>
      <tstamp>5CB1E8D5</tstamp>
    </comp>
    <comp ref="J4">
      <value>FLOW_PULSE</value>
      <footprint>TerminalBlock:TerminalBlock_bornier-2_P5.08mm</footprint>
      <datasheet>~</datasheet>
      <libsource lib="Connector" part="Conn_01x02_Female" description="Generic connector, single row, 01x02, script generated (kicad-library-utils/schlib/autogen/connector/)"/>
      <sheetpath names="/" tstamps="/"/>
      <tstamp>5CB1E8E1</tstamp>
    </comp>
    <comp ref="C3">
      <value>100uF</value>
      <footprint>Capacitor_SMD:CP_Elec_10x7.7</footprint>
      <datasheet>~</datasheet>
      <libsource lib="Device" part="C" description="Unpolarized capacitor"/>
      <sheetpath names="/" tstamps="/"/>
      <tstamp>5CB365C2</tstamp>
    </comp>
    <comp ref="C4">
      <value>0.1uF</value>
      <footprint>Capacitor_SMD:C_0805_2012Metric_Pad1.15x1.40mm_HandSolder</footprint>
      <datasheet>~</datasheet>
      <libsource lib="Device" part="C" description="Unpolarized capacitor"/>
      <sheetpath names="/" tstamps="/"/>
      <tstamp>5CB37106</tstamp>
    </comp>
    <comp ref="U5">
      <value>74LVC2T45DC</value>
      <footprint>Package_SO:VSSOP-8_2.3x2mm_P0.5mm</footprint>
      <datasheet>https://assets.nexperia.com/documents/data-sheet/74LVC_LVCH2T45.pdf</datasheet>
      <libsource lib="Logic_LevelTranslator" part="74LVC2T45DC" description="Dual supply translating transceiver, 3-state, 2-bit, VSSOP-8"/>
      <sheetpath names="/" tstamps="/"/>
      <tstamp>5CB84930</tstamp>
    </comp>
    <comp ref="U1">
      <value>INA128</value>
      <footprint>Package_DIP:DIP-6_W7.62mm_Socket_LongPads</footprint>
      <datasheet>http://www.ti.com/lit/ds/symlink/ina128.pdf</datasheet>
      <libsource lib="Amplifier_Instrumentation" part="INA128" description="Precision, Low Power Instrumentation Amplifier G = 1 + 50kOhm/Rg, DIP-8/SOIC-8"/>
      <sheetpath names="/" tstamps="/"/>
      <tstamp>5CA58C36</tstamp>
    </comp>
    <comp ref="J2">
      <value>SOLDATA</value>
      <footprint>TerminalBlock:TerminalBlock_bornier-2_P5.08mm</footprint>
      <datasheet>~</datasheet>
      <libsource lib="Connector" part="Conn_01x02_Female" description="Generic connector, single row, 01x02, script generated (kicad-library-utils/schlib/autogen/connector/)"/>
      <sheetpath names="/" tstamps="/"/>
      <tstamp>5CA59875</tstamp>
    </comp>
    <comp ref="R1">
      <value>2k7</value>
      <footprint>Inductor_SMD:L_1206_3216Metric_Pad1.42x1.75mm_HandSolder</footprint>
      <datasheet>~</datasheet>
      <libsource lib="Device" part="R" description="Resistor"/>
      <sheetpath names="/" tstamps="/"/>
      <tstamp>5CA5A075</tstamp>
    </comp>
    <comp ref="J12">
      <value>PRESSURE</value>
      <footprint>TerminalBlock:TerminalBlock_bornier-3_P5.08mm</footprint>
      <datasheet>~</datasheet>
      <libsource lib="Connector" part="Conn_01x03_Female" description="Generic connector, single row, 01x03, script generated (kicad-library-utils/schlib/autogen/connector/)"/>
      <sheetpath names="/" tstamps="/"/>
      <tstamp>5CABD653</tstamp>
    </comp>
    <comp ref="J7">
      <value>PWM_OUT_0</value>
      <footprint>TerminalBlock:TerminalBlock_bornier-2_P5.08mm</footprint>
      <datasheet>~</datasheet>
      <libsource lib="Connector" part="Conn_01x02_Female" description="Generic connector, single row, 01x02, script generated (kicad-library-utils/schlib/autogen/connector/)"/>
      <sheetpath names="/" tstamps="/"/>
      <tstamp>5CB46753</tstamp>
    </comp>
    <comp ref="R6">
      <value>1k</value>
      <footprint>Resistor_SMD:R_0805_2012Metric_Pad1.15x1.40mm_HandSolder</footprint>
      <datasheet>~</datasheet>
      <libsource lib="Device" part="R" description="Resistor"/>
      <sheetpath names="/" tstamps="/"/>
      <tstamp>5CB52A2B</tstamp>
    </comp>
    <comp ref="U4">
      <value>ST1S10PUR</value>
      <footprint>Package_DFN_QFN:DFN-8-1EP_4x4mm_P0.8mm_EP2.5x3.6mm</footprint>
      <datasheet>http://www.st.com/internet/com/TECHNICAL_RESOURCES/TECHNICAL_LITERATURE/DATASHEET/CD00169322.pdf</datasheet>
      <libsource lib="Regulator_Switching" part="ST1S10PUR" description="3A monolithic synchronous step-down regulator, Adjustable Output Voltage, 2.5-18V Input Voltage, 900kHz, DFN-8"/>
      <sheetpath names="/" tstamps="/"/>
      <tstamp>5CBBD9C4</tstamp>
    </comp>
    <comp ref="C2">
      <value>0.1uF</value>
      <footprint>Capacitor_SMD:C_0805_2012Metric_Pad1.15x1.40mm_HandSolder</footprint>
      <datasheet>~</datasheet>
      <libsource lib="Device" part="CP" description="Polarized capacitor"/>
      <sheetpath names="/" tstamps="/"/>
      <tstamp>5CBC17F2</tstamp>
    </comp>
    <comp ref="C1">
      <value>4.7uF</value>
      <footprint>Capacitor_SMD:CP_Elec_5x5.3</footprint>
      <datasheet>~</datasheet>
      <libsource lib="Device" part="CP" description="Polarized capacitor"/>
      <sheetpath names="/" tstamps="/"/>
      <tstamp>5CBC1D81</tstamp>
    </comp>
    <comp ref="C5">
      <value>100uF</value>
      <footprint>Capacitor_SMD:CP_Elec_6.3x5.7</footprint>
      <datasheet>~</datasheet>
      <libsource lib="Device" part="CP" description="Polarized capacitor"/>
      <sheetpath names="/" tstamps="/"/>
      <tstamp>5CBC2456</tstamp>
    </comp>
    <comp ref="R4">
      <value>1.8k</value>
      <footprint>Resistor_SMD:R_1206_3216Metric_Pad1.42x1.75mm_HandSolder</footprint>
      <datasheet>~</datasheet>
      <libsource lib="Device" part="R" description="Resistor"/>
      <sheetpath names="/" tstamps="/"/>
      <tstamp>5CBC2EA5</tstamp>
    </comp>
    <comp ref="R5">
      <value>330</value>
      <footprint>Resistor_SMD:R_1206_3216Metric_Pad1.42x1.75mm_HandSolder</footprint>
      <datasheet>~</datasheet>
      <libsource lib="Device" part="R" description="Resistor"/>
      <sheetpath names="/" tstamps="/"/>
      <tstamp>5CBC3379</tstamp>
    </comp>
    <comp ref="L1">
      <value>3.3uH</value>
      <footprint>Inductor_SMD:L_12x12mm_H8mm</footprint>
      <datasheet>~</datasheet>
      <libsource lib="Device" part="L" description="Inductor"/>
      <sheetpath names="/" tstamps="/"/>
      <tstamp>5CBC3F02</tstamp>
    </comp>
    <comp ref="J1">
      <value>12V IN</value>
      <footprint>TerminalBlock:TerminalBlock_bornier-2_P5.08mm</footprint>
      <datasheet>~</datasheet>
      <libsource lib="Connector" part="Conn_01x02_Female" description="Generic connector, single row, 01x02, script generated (kicad-library-utils/schlib/autogen/connector/)"/>
      <sheetpath names="/" tstamps="/"/>
      <tstamp>5CC32DF6</tstamp>
    </comp>
    <comp ref="J10">
      <value>SW_0</value>
      <footprint>TerminalBlock:TerminalBlock_bornier-2_P5.08mm</footprint>
      <datasheet>~</datasheet>
      <libsource lib="Connector" part="Conn_01x02_Female" description="Generic connector, single row, 01x02, script generated (kicad-library-utils/schlib/autogen/connector/)"/>
      <sheetpath names="/" tstamps="/"/>
      <tstamp>5CC8F2AE</tstamp>
    </comp>
    <comp ref="R13">
      <value>1k</value>
      <footprint>Resistor_SMD:R_1206_3216Metric_Pad1.42x1.75mm_HandSolder</footprint>
      <datasheet>~</datasheet>
      <libsource lib="Device" part="R" description="Resistor"/>
      <sheetpath names="/" tstamps="/"/>
      <tstamp>5CC8FAE3</tstamp>
    </comp>
    <comp ref="J9">
      <value>SW_0</value>
      <footprint>TerminalBlock:TerminalBlock_bornier-2_P5.08mm</footprint>
      <datasheet>~</datasheet>
      <libsource lib="Connector" part="Conn_01x02_Female" description="Generic connector, single row, 01x02, script generated (kicad-library-utils/schlib/autogen/connector/)"/>
      <sheetpath names="/" tstamps="/"/>
      <tstamp>5CC962AD</tstamp>
    </comp>
    <comp ref="R12">
      <value>1k</value>
      <footprint>Resistor_SMD:R_1206_3216Metric_Pad1.42x1.75mm_HandSolder</footprint>
      <datasheet>~</datasheet>
      <libsource lib="Device" part="R" description="Resistor"/>
      <sheetpath names="/" tstamps="/"/>
      <tstamp>5CC962B3</tstamp>
    </comp>
    <comp ref="D1">
      <value>LED</value>
      <footprint>LED_THT:LED_D5.0mm</footprint>
      <datasheet>~</datasheet>
      <libsource lib="Device" part="LED" description="Light emitting diode"/>
      <sheetpath names="/" tstamps="/"/>
      <tstamp>5CCB200A</tstamp>
    </comp>
    <comp ref="R11">
      <value>1k</value>
      <footprint>Resistor_SMD:R_1206_3216Metric_Pad1.42x1.75mm_HandSolder</footprint>
      <datasheet>~</datasheet>
      <libsource lib="Device" part="R" description="Resistor"/>
      <sheetpath names="/" tstamps="/"/>
      <tstamp>5CCB3162</tstamp>
    </comp>
    <comp ref="U11">
      <value>NCP1117-3.3_SOT223</value>
      <footprint>Package_TO_SOT_SMD:SOT-223-3_TabPin2</footprint>
      <datasheet>http://www.onsemi.com/pub_link/Collateral/NCP1117-D.PDF</datasheet>
      <libsource lib="Regulator_Linear" part="NCP1117-3.3_SOT223" description="1A Low drop-out regulator, Fixed Output 3.3V, SOT-223"/>
      <sheetpath names="/" tstamps="/"/>
      <tstamp>5CE49B10</tstamp>
    </comp>
  </components>
  <libparts>
    <libpart lib="Amplifier_Instrumentation" part="INA128">
      <aliases>
        <alias>INA129</alias>
      </aliases>
      <description>Precision, Low Power Instrumentation Amplifier G = 1 + 50kOhm/Rg, DIP-8/SOIC-8</description>
      <docs>http://www.ti.com/lit/ds/symlink/ina128.pdf</docs>
      <footprints>
        <fp>DIP*W7.62mm*</fp>
        <fp>SOIC*P1.27mm*</fp>
      </footprints>
      <fields>
        <field name="Reference">U</field>
        <field name="Value">INA128</field>
      </fields>
      <pins>
        <pin num="1" name="Rg" type="passive"/>
        <pin num="2" name="-" type="input"/>
        <pin num="3" name="+" type="input"/>
        <pin num="4" name="V-" type="power_in"/>
        <pin num="5" name="Ref" type="input"/>
        <pin num="6" name="~" type="output"/>
        <pin num="7" name="V+" type="power_in"/>
        <pin num="8" name="Rg" type="passive"/>
      </pins>
    </libpart>
    <libpart lib="Amplifier_Operational" part="LM2904">
      <aliases>
        <alias>LM358</alias>
        <alias>AD8620</alias>
        <alias>LMC6062</alias>
        <alias>LMC6082</alias>
        <alias>TL062</alias>
        <alias>TL072</alias>
        <alias>TL082</alias>
        <alias>NE5532</alias>
        <alias>SA5532</alias>
        <alias>RC4558</alias>
        <alias>RC4560</alias>
        <alias>RC4580</alias>
        <alias>LMV358</alias>
        <alias>TS912</alias>
        <alias>TSV912IDT</alias>
        <alias>TSV912IST</alias>
        <alias>TLC272</alias>
        <alias>TLC277</alias>
        <alias>MCP602</alias>
        <alias>OPA2134</alias>
        <alias>OPA2340</alias>
        <alias>OPA2376xxD</alias>
        <alias>OPA2376xxDGK</alias>
        <alias>MC33078</alias>
        <alias>MC33178</alias>
        <alias>LM4562</alias>
        <alias>OP249</alias>
        <alias>OP275</alias>
        <alias>ADA4075-2</alias>
        <alias>MCP6002-xP</alias>
        <alias>MCP6002-xSN</alias>
        <alias>MCP6002-xMS</alias>
        <alias>LM7332</alias>
        <alias>OPA2333xxD</alias>
        <alias>OPA2333xxDGK</alias>
        <alias>LMC6482</alias>
        <alias>LT1492</alias>
        <alias>LTC6081xMS8</alias>
        <alias>LM6172</alias>
        <alias>MCP6L92</alias>
        <alias>NJM2043</alias>
        <alias>NJM2114</alias>
        <alias>NJM4556A</alias>
        <alias>NJM4558</alias>
        <alias>NJM4559</alias>
        <alias>NJM4560</alias>
        <alias>NJM4580</alias>
        <alias>NJM5532</alias>
        <alias>ADA4807-2ARM</alias>
        <alias>OPA2691</alias>
        <alias>LT6234</alias>
        <alias>OPA2356xxD</alias>
        <alias>OPA2356xxDGK</alias>
        <alias>OPA1612AxD</alias>
        <alias>MC33172</alias>
        <alias>OPA1602</alias>
        <alias>TLV2372</alias>
        <alias>LT6237</alias>
      </aliases>
      <description>Dual Operational Amplifiers, DIP-8/SOIC-8/TSSOP-8/VSSOP-8</description>
      <docs>http://www.ti.com/lit/ds/symlink/lm358.pdf</docs>
      <footprints>
        <fp>SOIC*3.9x4.9mm*P1.27mm*</fp>
        <fp>DIP*W7.62mm*</fp>
        <fp>TO*99*</fp>
        <fp>OnSemi*Micro8*</fp>
        <fp>TSSOP*3x3mm*P0.65mm*</fp>
        <fp>TSSOP*4.4x3mm*P0.65mm*</fp>
        <fp>MSOP*3x3mm*P0.65mm*</fp>
        <fp>SSOP*3.9x4.9mm*P0.635mm*</fp>
        <fp>LFCSP*2x2mm*P0.5mm*</fp>
        <fp>*SIP*</fp>
        <fp>SOIC*5.3x6.2mm*P1.27mm*</fp>
      </footprints>
      <fields>
        <field name="Reference">U</field>
        <field name="Value">LM2904</field>
      </fields>
      <pins>
        <pin num="1" name="~" type="output"/>
        <pin num="2" name="-" type="input"/>
        <pin num="3" name="+" type="input"/>
        <pin num="4" name="V-" type="power_in"/>
        <pin num="5" name="+" type="input"/>
        <pin num="6" name="-" type="input"/>
        <pin num="7" name="~" type="output"/>
        <pin num="8" name="V+" type="power_in"/>
      </pins>
    </libpart>
    <libpart lib="Analog_ADC" part="ADS1015IDGS">
      <aliases>
        <alias>ADS1115IDGS</alias>
      </aliases>
      <description>Ultra-Small, Low-Power, I2C-Compatible, 3.3-kSPS, 12-Bit ADCs With Internal Reference, Oscillator, and Programmable Comparator, VSSOP-10</description>
      <docs>http://www.ti.com/lit/ds/symlink/ads1015.pdf</docs>
      <footprints>
        <fp>TSSOP*3x3mm*P0.5mm*</fp>
      </footprints>
      <fields>
        <field name="Reference">U</field>
        <field name="Value">ADS1015IDGS</field>
        <field name="Footprint">Package_SO:TSSOP-10_3x3mm_P0.5mm</field>
      </fields>
      <pins>
        <pin num="1" name="ADDR" type="input"/>
        <pin num="2" name="ALERT/RDY" type="output"/>
        <pin num="3" name="GND" type="power_in"/>
        <pin num="4" name="AIN0" type="input"/>
        <pin num="5" name="AIN1" type="input"/>
        <pin num="6" name="AIN2" type="input"/>
        <pin num="7" name="AIN3" type="input"/>
        <pin num="8" name="VDD" type="power_in"/>
        <pin num="9" name="SDA" type="BiDi"/>
        <pin num="10" name="SCL" type="input"/>
      </pins>
    </libpart>
    <libpart lib="Connector" part="AVR-ISP-10">
      <description>Atmel 10-pin ISP connector</description>
      <docs> ~</docs>
      <footprints>
        <fp>IDC?Header*2x05*</fp>
        <fp>Pin?Header*2x05*</fp>
      </footprints>
      <fields>
        <field name="Reference">J</field>
        <field name="Value">AVR-ISP-10</field>
      </fields>
      <pins>
        <pin num="1" name="MOSI" type="passive"/>
        <pin num="2" name="VCC" type="power_in"/>
        <pin num="3" name="NC" type="NotConnected"/>
        <pin num="4" name="GND" type="passive"/>
        <pin num="5" name="~RST" type="passive"/>
        <pin num="6" name="GND" type="passive"/>
        <pin num="7" name="SCK" type="passive"/>
        <pin num="8" name="GND" type="passive"/>
        <pin num="9" name="MISO" type="passive"/>
        <pin num="10" name="GND" type="power_in"/>
      </pins>
    </libpart>
    <libpart lib="Connector" part="Conn_01x02_Female">
      <description>Generic connector, single row, 01x02, script generated (kicad-library-utils/schlib/autogen/connector/)</description>
      <docs>~</docs>
      <footprints>
        <fp>Connector*:*_1x??_*</fp>
      </footprints>
      <fields>
        <field name="Reference">J</field>
        <field name="Value">Conn_01x02_Female</field>
      </fields>
      <pins>
        <pin num="1" name="Pin_1" type="passive"/>
        <pin num="2" name="Pin_2" type="passive"/>
      </pins>
    </libpart>
    <libpart lib="Connector" part="Conn_01x03_Female">
      <description>Generic connector, single row, 01x03, script generated (kicad-library-utils/schlib/autogen/connector/)</description>
      <docs>~</docs>
      <footprints>
        <fp>Connector*:*_1x??_*</fp>
      </footprints>
      <fields>
        <field name="Reference">J</field>
        <field name="Value">Conn_01x03_Female</field>
      </fields>
      <pins>
        <pin num="1" name="Pin_1" type="passive"/>
        <pin num="2" name="Pin_2" type="passive"/>
        <pin num="3" name="Pin_3" type="passive"/>
      </pins>
    </libpart>
    <libpart lib="Connector_Generic" part="Conn_02x20_Odd_Even">
      <description>Generic connector, double row, 02x20, odd/even pin numbering scheme (row 1 odd numbers, row 2 even numbers), script generated (kicad-library-utils/schlib/autogen/connector/)</description>
      <docs>~</docs>
      <footprints>
        <fp>Connector*:*_2x??_*</fp>
      </footprints>
      <fields>
        <field name="Reference">J</field>
        <field name="Value">Conn_02x20_Odd_Even</field>
      </fields>
      <pins>
        <pin num="1" name="Pin_1" type="passive"/>
        <pin num="2" name="Pin_2" type="passive"/>
        <pin num="3" name="Pin_3" type="passive"/>
        <pin num="4" name="Pin_4" type="passive"/>
        <pin num="5" name="Pin_5" type="passive"/>
        <pin num="6" name="Pin_6" type="passive"/>
        <pin num="7" name="Pin_7" type="passive"/>
        <pin num="8" name="Pin_8" type="passive"/>
        <pin num="9" name="Pin_9" type="passive"/>
        <pin num="10" name="Pin_10" type="passive"/>
        <pin num="11" name="Pin_11" type="passive"/>
        <pin num="12" name="Pin_12" type="passive"/>
        <pin num="13" name="Pin_13" type="passive"/>
        <pin num="14" name="Pin_14" type="passive"/>
        <pin num="15" name="Pin_15" type="passive"/>
        <pin num="16" name="Pin_16" type="passive"/>
        <pin num="17" name="Pin_17" type="passive"/>
        <pin num="18" name="Pin_18" type="passive"/>
        <pin num="19" name="Pin_19" type="passive"/>
        <pin num="20" name="Pin_20" type="passive"/>
        <pin num="21" name="Pin_21" type="passive"/>
        <pin num="22" name="Pin_22" type="passive"/>
        <pin num="23" name="Pin_23" type="passive"/>
        <pin num="24" name="Pin_24" type="passive"/>
        <pin num="25" name="Pin_25" type="passive"/>
        <pin num="26" name="Pin_26" type="passive"/>
        <pin num="27" name="Pin_27" type="passive"/>
        <pin num="28" name="Pin_28" type="passive"/>
        <pin num="29" name="Pin_29" type="passive"/>
        <pin num="30" name="Pin_30" type="passive"/>
        <pin num="31" name="Pin_31" type="passive"/>
        <pin num="32" name="Pin_32" type="passive"/>
        <pin num="33" name="Pin_33" type="passive"/>
        <pin num="34" name="Pin_34" type="passive"/>
        <pin num="35" name="Pin_35" type="passive"/>
        <pin num="36" name="Pin_36" type="passive"/>
        <pin num="37" name="Pin_37" type="passive"/>
        <pin num="38" name="Pin_38" type="passive"/>
        <pin num="39" name="Pin_39" type="passive"/>
        <pin num="40" name="Pin_40" type="passive"/>
      </pins>
    </libpart>
    <libpart lib="Device" part="C">
      <description>Unpolarized capacitor</description>
      <docs>~</docs>
      <footprints>
        <fp>C_*</fp>
      </footprints>
      <fields>
        <field name="Reference">C</field>
        <field name="Value">C</field>
      </fields>
      <pins>
        <pin num="1" name="~" type="passive"/>
        <pin num="2" name="~" type="passive"/>
      </pins>
    </libpart>
    <libpart lib="Device" part="CP">
      <description>Polarized capacitor</description>
      <docs>~</docs>
      <footprints>
        <fp>CP_*</fp>
      </footprints>
      <fields>
        <field name="Reference">C</field>
        <field name="Value">CP</field>
      </fields>
      <pins>
        <pin num="1" name="~" type="passive"/>
        <pin num="2" name="~" type="passive"/>
      </pins>
    </libpart>
    <libpart lib="Device" part="Crystal">
      <description>Two pin crystal</description>
      <docs>~</docs>
      <footprints>
        <fp>Crystal*</fp>
      </footprints>
      <fields>
        <field name="Reference">Y</field>
        <field name="Value">Crystal</field>
      </fields>
      <pins>
        <pin num="1" name="1" type="passive"/>
        <pin num="2" name="2" type="passive"/>
      </pins>
    </libpart>
    <libpart lib="Device" part="L">
      <description>Inductor</description>
      <docs>~</docs>
      <footprints>
        <fp>Choke_*</fp>
        <fp>*Coil*</fp>
        <fp>Inductor_*</fp>
        <fp>L_*</fp>
      </footprints>
      <fields>
        <field name="Reference">L</field>
        <field name="Value">L</field>
      </fields>
      <pins>
        <pin num="1" name="1" type="passive"/>
        <pin num="2" name="2" type="passive"/>
      </pins>
    </libpart>
    <libpart lib="Device" part="LED">
      <description>Light emitting diode</description>
      <docs>~</docs>
      <footprints>
        <fp>LED*</fp>
        <fp>LED_SMD:*</fp>
        <fp>LED_THT:*</fp>
      </footprints>
      <fields>
        <field name="Reference">D</field>
        <field name="Value">LED</field>
      </fields>
      <pins>
        <pin num="1" name="K" type="passive"/>
        <pin num="2" name="A" type="passive"/>
      </pins>
    </libpart>
    <libpart lib="Device" part="R">
      <description>Resistor</description>
      <docs>~</docs>
      <footprints>
        <fp>R_*</fp>
      </footprints>
      <fields>
        <field name="Reference">R</field>
        <field name="Value">R</field>
      </fields>
      <pins>
        <pin num="1" name="~" type="passive"/>
        <pin num="2" name="~" type="passive"/>
      </pins>
    </libpart>
    <libpart lib="Isolator" part="PC817">
      <description>DC Optocoupler, Vce 35V, CTR 50-300%, DIP4</description>
      <docs>http://www.soselectronic.cz/a_info/resource/d/pc817.pdf</docs>
      <footprints>
        <fp>DIP*W7.62mm*</fp>
      </footprints>
      <fields>
        <field name="Reference">U</field>
        <field name="Value">PC817</field>
        <field name="Footprint">Package_DIP:DIP-4_W7.62mm</field>
      </fields>
      <pins>
        <pin num="1" name="~" type="passive"/>
        <pin num="2" name="~" type="passive"/>
        <pin num="3" name="~" type="passive"/>
        <pin num="4" name="~" type="passive"/>
      </pins>
    </libpart>
    <libpart lib="Logic_LevelTranslator" part="74LVC2T45DC">
      <aliases>
        <alias>74LVCH2T45DC</alias>
      </aliases>
      <description>Dual supply translating transceiver, 3-state, 2-bit, VSSOP-8</description>
      <docs>https://assets.nexperia.com/documents/data-sheet/74LVC_LVCH2T45.pdf</docs>
      <footprints>
        <fp>VSSOP*2.3x2mm*P0.5mm*</fp>
      </footprints>
      <fields>
        <field name="Reference">U</field>
        <field name="Value">74LVC2T45DC</field>
        <field name="Footprint">Package_SO:VSSOP-8_2.3x2mm_P0.5mm</field>
      </fields>
      <pins>
        <pin num="1" name="VCCA" type="power_in"/>
        <pin num="2" name="1A" type="BiDi"/>
        <pin num="3" name="2A" type="BiDi"/>
        <pin num="4" name="GND" type="power_in"/>
        <pin num="5" name="DIR" type="input"/>
        <pin num="6" name="2B" type="BiDi"/>
        <pin num="7" name="1B" type="BiDi"/>
        <pin num="8" name="VCCB" type="power_in"/>
      </pins>
    </libpart>
    <libpart lib="MCU_Microchip_ATmega" part="ATmega48PV-10AU">
      <aliases>
        <alias>ATmega48P-20AU</alias>
        <alias>ATmega48A-AU</alias>
        <alias>ATmega48PA-AU</alias>
        <alias>ATmega88PV-10AU</alias>
        <alias>ATmega88P-20AU</alias>
        <alias>ATmega88A-AU</alias>
        <alias>ATmega88PA-AU</alias>
        <alias>ATmega168PV-10AU</alias>
        <alias>ATmega168P-20AU</alias>
        <alias>ATmega168A-AU</alias>
        <alias>ATmega168PA-AU</alias>
        <alias>ATmega328-AU</alias>
        <alias>ATmega328P-AU</alias>
      </aliases>
      <description>10MHz, 4kB Flash, 512B SRAM, 256B EEPROM, TQFP-32</description>
      <docs>http://ww1.microchip.com/downloads/en/DeviceDoc/Atmel-8025-8-bit-AVR-Microcontroller-ATmega48P-88P-168P_Datasheet.pdf</docs>
      <footprints>
        <fp>TQFP*7x7mm*P0.8mm*</fp>
      </footprints>
      <fields>
        <field name="Reference">U</field>
        <field name="Value">ATmega48PV-10AU</field>
        <field name="Footprint">Package_QFP:TQFP-32_7x7mm_P0.8mm</field>
      </fields>
      <pins>
        <pin num="1" name="PD3" type="3state"/>
        <pin num="2" name="PD4" type="3state"/>
        <pin num="3" name="GND" type="power_in"/>
        <pin num="4" name="VCC" type="power_in"/>
        <pin num="5" name="GND" type="passive"/>
        <pin num="6" name="VCC" type="passive"/>
        <pin num="7" name="XTAL1/PB6" type="3state"/>
        <pin num="8" name="XTAL2/PB7" type="3state"/>
        <pin num="9" name="PD5" type="3state"/>
        <pin num="10" name="PD6" type="3state"/>
        <pin num="11" name="PD7" type="3state"/>
        <pin num="12" name="PB0" type="3state"/>
        <pin num="13" name="PB1" type="3state"/>
        <pin num="14" name="PB2" type="3state"/>
        <pin num="15" name="PB3" type="3state"/>
        <pin num="16" name="PB4" type="3state"/>
        <pin num="17" name="PB5" type="3state"/>
        <pin num="18" name="AVCC" type="power_in"/>
        <pin num="19" name="ADC6" type="input"/>
        <pin num="20" name="AREF" type="passive"/>
        <pin num="21" name="GND" type="passive"/>
        <pin num="22" name="ADC7" type="input"/>
        <pin num="23" name="PC0" type="3state"/>
        <pin num="24" name="PC1" type="3state"/>
        <pin num="25" name="PC2" type="3state"/>
        <pin num="26" name="PC3" type="3state"/>
        <pin num="27" name="PC4" type="3state"/>
        <pin num="28" name="PC5" type="3state"/>
        <pin num="29" name="~RESET~/PC6" type="3state"/>
        <pin num="30" name="PD0" type="3state"/>
        <pin num="31" name="PD1" type="3state"/>
        <pin num="32" name="PD2" type="3state"/>
      </pins>
    </libpart>
    <libpart lib="Regulator_Linear" part="AP1117-15">
      <aliases>
        <alias>AP1117-18</alias>
        <alias>AP1117-25</alias>
        <alias>AP1117-33</alias>
        <alias>AP1117-50</alias>
        <alias>LD1117S33TR_SOT223</alias>
        <alias>LD1117S12TR_SOT223</alias>
        <alias>LD1117S18TR_SOT223</alias>
        <alias>LD1117S25TR_SOT223</alias>
        <alias>LD1117S50TR_SOT223</alias>
        <alias>NCP1117-12_SOT223</alias>
        <alias>NCP1117-1.5_SOT223</alias>
        <alias>NCP1117-1.8_SOT223</alias>
        <alias>NCP1117-2.0_SOT223</alias>
        <alias>NCP1117-2.5_SOT223</alias>
        <alias>NCP1117-2.85_SOT223</alias>
        <alias>NCP1117-3.3_SOT223</alias>
        <alias>NCP1117-5.0_SOT223</alias>
        <alias>AMS1117-1.5</alias>
        <alias>AMS1117-1.8</alias>
        <alias>AMS1117-2.5</alias>
        <alias>AMS1117-2.85</alias>
        <alias>AMS1117-3.3</alias>
        <alias>AMS1117-5.0</alias>
      </aliases>
      <description>1A Low Dropout regulator, positive, 1.5V fixed output, SOT-223</description>
      <docs>http://www.diodes.com/datasheets/AP1117.pdf</docs>
      <footprints>
        <fp>SOT?223*TabPin2*</fp>
      </footprints>
      <fields>
        <field name="Reference">U</field>
        <field name="Value">AP1117-15</field>
        <field name="Footprint">Package_TO_SOT_SMD:SOT-223-3_TabPin2</field>
      </fields>
      <pins>
        <pin num="1" name="GND" type="power_in"/>
        <pin num="2" name="VO" type="power_out"/>
        <pin num="3" name="VI" type="power_in"/>
      </pins>
    </libpart>
    <libpart lib="Regulator_Switching" part="ST1S10PUR">
      <description>3A monolithic synchronous step-down regulator, Adjustable Output Voltage, 2.5-18V Input Voltage, 900kHz, DFN-8</description>
      <docs>http://www.st.com/internet/com/TECHNICAL_RESOURCES/TECHNICAL_LITERATURE/DATASHEET/CD00169322.pdf</docs>
      <footprints>
        <fp>DFN*EP*4x4mm*P0.8mm*</fp>
      </footprints>
      <fields>
        <field name="Reference">U</field>
        <field name="Value">ST1S10PUR</field>
        <field name="Footprint">Package_DFN_QFN:DFN-8-1EP_4x4mm_P0.8mm_EP2.5x3.6mm</field>
      </fields>
      <pins>
        <pin num="1" name="VINA" type="power_in"/>
        <pin num="2" name="INH" type="input"/>
        <pin num="3" name="FB" type="input"/>
        <pin num="4" name="AGND" type="power_in"/>
        <pin num="5" name="SYNC" type="input"/>
        <pin num="6" name="VINSW" type="input"/>
        <pin num="7" name="SW" type="output"/>
        <pin num="8" name="PGND" type="power_in"/>
        <pin num="9" name="PADGND" type="power_in"/>
      </pins>
    </libpart>
    <libpart lib="Sensor_Temperature" part="MAX31855KASA">
      <aliases>
        <alias>MAX31855JASA</alias>
        <alias>MAX31855NASA</alias>
        <alias>MAX31855SASA</alias>
        <alias>MAX31855TASA</alias>
        <alias>MAX31855EASA</alias>
        <alias>MAX31855RASA</alias>
      </aliases>
      <description>Cold Junction K-type Termocouple Interface, SPI, SO8</description>
      <docs>http://datasheets.maximintegrated.com/en/ds/MAX31855.pdf</docs>
      <footprints>
        <fp>SOIC*3.9x4.9mm*P1.27mm*</fp>
      </footprints>
      <fields>
        <field name="Reference">U</field>
        <field name="Value">MAX31855KASA</field>
        <field name="Footprint">Package_SO:SOIC-8_3.9x4.9mm_P1.27mm</field>
      </fields>
      <pins>
        <pin num="1" name="GND" type="power_in"/>
        <pin num="2" name="T-" type="passive"/>
        <pin num="3" name="T+" type="passive"/>
        <pin num="4" name="VCC" type="power_in"/>
        <pin num="5" name="SCK" type="input"/>
        <pin num="6" name="~CS~" type="input"/>
        <pin num="7" name="SO" type="output"/>
      </pins>
    </libpart>
    <libpart lib="vandstyring-rescue" part="Mounting_Hole-Mechanical">
      <footprints>
        <fp>Mounting?Hole*</fp>
        <fp>Hole*</fp>
      </footprints>
      <fields>
        <field name="Reference">MK</field>
        <field name="Value">Mounting_Hole-Mechanical</field>
      </fields>
    </libpart>
  </libparts>
  <libraries>
    <library logical="Amplifier_Instrumentation">
      <uri>/usr/share/kicad/library/Amplifier_Instrumentation.lib</uri>
    </library>
    <library logical="Amplifier_Operational">
      <uri>/usr/share/kicad/library/Amplifier_Operational.lib</uri>
    </library>
    <library logical="Analog_ADC">
      <uri>/usr/share/kicad/library/Analog_ADC.lib</uri>
    </library>
    <library logical="Connector">
      <uri>/usr/share/kicad/library/Connector.lib</uri>
    </library>
    <library logical="Connector_Generic">
      <uri>/usr/share/kicad/library/Connector_Generic.lib</uri>
    </library>
    <library logical="Device">
      <uri>/usr/share/kicad/library/Device.lib</uri>
    </library>
    <library logical="Isolator">
      <uri>/usr/share/kicad/library/Isolator.lib</uri>
    </library>
    <library logical="Logic_LevelTranslator">
      <uri>/usr/share/kicad/library/Logic_LevelTranslator.lib</uri>
    </library>
    <library logical="MCU_Microchip_ATmega">
      <uri>/usr/share/kicad/library/MCU_Microchip_ATmega.lib</uri>
    </library>
    <library logical="Regulator_Linear">
      <uri>/usr/share/kicad/library/Regulator_Linear.lib</uri>
    </library>
    <library logical="Regulator_Switching">
      <uri>/usr/share/kicad/library/Regulator_Switching.lib</uri>
    </library>
    <library logical="Sensor_Temperature">
      <uri>/usr/share/kicad/library/Sensor_Temperature.lib</uri>
    </library>
    <library logical="vandstyring-rescue">
      <uri>/home/zenseidk/Kicad/vandstyring/vandstyring-rescue.lib</uri>
    </library>
  </libraries>
  <nets>
    <net code="1" name="+5V">
      <node ref="U11" pin="3"/>
      <node ref="C5" pin="1"/>
      <node ref="R4" pin="1"/>
      <node ref="J12" pin="3"/>
      <node ref="L1" pin="2"/>
      <node ref="R14" pin="1"/>
      <node ref="U9" pin="4"/>
      <node ref="U9" pin="6"/>
      <node ref="U1" pin="7"/>
      <node ref="U6" pin="4"/>
      <node ref="U9" pin="20"/>
      <node ref="U7" pin="4"/>
      <node ref="P1" pin="4"/>
      <node ref="U5" pin="8"/>
      <node ref="U9" pin="18"/>
      <node ref="J14" pin="2"/>
      <node ref="C4" pin="1"/>
      <node ref="P1" pin="2"/>
      <node ref="J15" pin="2"/>
      <node ref="C3" pin="1"/>
      <node ref="J13" pin="2"/>
      <node ref="U10" pin="8"/>
    </net>
    <net code="2" name="+3V3">
      <node ref="P1" pin="1"/>
      <node ref="P1" pin="17"/>
      <node ref="U11" pin="2"/>
      <node ref="U5" pin="1"/>
    </net>
    <net code="3" name="GND">
      <node ref="P1" pin="25"/>
      <node ref="U9" pin="3"/>
      <node ref="R16" pin="2"/>
      <node ref="J15" pin="10"/>
      <node ref="C4" pin="2"/>
      <node ref="J15" pin="6"/>
      <node ref="J15" pin="8"/>
      <node ref="R15" pin="2"/>
      <node ref="P1" pin="34"/>
      <node ref="P1" pin="30"/>
      <node ref="P1" pin="20"/>
      <node ref="U10" pin="1"/>
      <node ref="U10" pin="3"/>
      <node ref="U4" pin="4"/>
      <node ref="U4" pin="5"/>
      <node ref="U4" pin="8"/>
      <node ref="U4" pin="9"/>
      <node ref="C2" pin="2"/>
      <node ref="C1" pin="2"/>
      <node ref="C5" pin="2"/>
      <node ref="R5" pin="2"/>
      <node ref="J7" pin="1"/>
      <node ref="J12" pin="1"/>
      <node ref="U2" pin="3"/>
      <node ref="U5" pin="4"/>
      <node ref="J8" pin="2"/>
      <node ref="P1" pin="14"/>
      <node ref="C3" pin="2"/>
      <node ref="J15" pin="4"/>
      <node ref="U6" pin="1"/>
      <node ref="U7" pin="1"/>
      <node ref="U9" pin="21"/>
      <node ref="C6" pin="2"/>
      <node ref="R10" pin="2"/>
      <node ref="P1" pin="39"/>
      <node ref="P1" pin="6"/>
      <node ref="J3" pin="1"/>
      <node ref="P1" pin="9"/>
      <node ref="U2" pin="2"/>
      <node ref="J11" pin="3"/>
      <node ref="J10" pin="2"/>
      <node ref="J9" pin="2"/>
      <node ref="U11" pin="1"/>
      <node ref="J1" pin="1"/>
      <node ref="U1" pin="5"/>
      <node ref="U1" pin="4"/>
      <node ref="C7" pin="1"/>
      <node ref="R11" pin="1"/>
      <node ref="C8" pin="1"/>
      <node ref="U3" pin="2"/>
      <node ref="U3" pin="3"/>
      <node ref="U9" pin="5"/>
      <node ref="J4" pin="1"/>
    </net>
    <net code="4" name="Net-(J2-Pad2)">
      <node ref="J2" pin="2"/>
      <node ref="U1" pin="3"/>
    </net>
    <net code="5" name="Net-(J2-Pad1)">
      <node ref="J2" pin="1"/>
      <node ref="U1" pin="2"/>
    </net>
    <net code="6" name="Net-(R1-Pad2)">
      <node ref="R1" pin="2"/>
      <node ref="U1" pin="8"/>
    </net>
    <net code="7" name="Net-(R1-Pad1)">
      <node ref="U1" pin="1"/>
      <node ref="R1" pin="1"/>
    </net>
    <net code="8" name="SOLDATA_IN">
      <node ref="U10" pin="7"/>
      <node ref="U1" pin="6"/>
    </net>
    <net code="9" name="Net-(C8-Pad2)">
      <node ref="C8" pin="2"/>
      <node ref="Y1" pin="2"/>
      <node ref="U9" pin="8"/>
    </net>
    <net code="10" name="RST">
      <node ref="U9" pin="29"/>
      <node ref="J15" pin="5"/>
      <node ref="R14" pin="2"/>
    </net>
    <net code="11" name="Net-(C7-Pad2)">
      <node ref="C7" pin="2"/>
      <node ref="Y1" pin="1"/>
      <node ref="U9" pin="7"/>
    </net>
    <net code="12" name="INT0_PULSE_IN">
      <node ref="U2" pin="4"/>
      <node ref="U9" pin="32"/>
    </net>
    <net code="13" name="Net-(R3-Pad1)">
      <node ref="R3" pin="1"/>
      <node ref="U3" pin="1"/>
    </net>
    <net code="14" name="Net-(J4-Pad2)">
      <node ref="J4" pin="2"/>
      <node ref="R3" pin="2"/>
    </net>
    <net code="15" name="Rx">
      <node ref="U9" pin="30"/>
      <node ref="J11" pin="1"/>
      <node ref="U5" pin="7"/>
    </net>
    <net code="16" name="Tx">
      <node ref="U9" pin="31"/>
      <node ref="J11" pin="2"/>
      <node ref="U5" pin="6"/>
    </net>
    <net code="17" name="Net-(U9-Pad19)">
      <node ref="U9" pin="19"/>
    </net>
    <net code="18" name="Net-(U9-Pad22)">
      <node ref="U9" pin="22"/>
    </net>
    <net code="19" name="Net-(J10-Pad1)">
      <node ref="J10" pin="1"/>
      <node ref="R13" pin="1"/>
    </net>
    <net code="20" name="Net-(J9-Pad1)">
      <node ref="R12" pin="1"/>
      <node ref="J9" pin="1"/>
    </net>
    <net code="21" name="Net-(R13-Pad2)">
      <node ref="U9" pin="12"/>
      <node ref="R13" pin="2"/>
    </net>
    <net code="22" name="Net-(U9-Pad11)">
      <node ref="U9" pin="11"/>
    </net>
    <net code="23" name="Net-(U9-Pad2)">
      <node ref="U9" pin="2"/>
    </net>
    <net code="24" name="Net-(R12-Pad2)">
      <node ref="U9" pin="13"/>
      <node ref="R12" pin="2"/>
    </net>
    <net code="25" name="Net-(D1-Pad1)">
      <node ref="R11" pin="2"/>
      <node ref="D1" pin="1"/>
    </net>
    <net code="26" name="Net-(D1-Pad2)">
      <node ref="U9" pin="14"/>
      <node ref="D1" pin="2"/>
    </net>
    <net code="27" name="Net-(U9-Pad25)">
      <node ref="U9" pin="25"/>
    </net>
    <net code="28" name="Net-(R4-Pad2)">
      <node ref="U4" pin="3"/>
      <node ref="R4" pin="2"/>
      <node ref="R5" pin="1"/>
    </net>
    <net code="29" name="Net-(L1-Pad1)">
      <node ref="U4" pin="7"/>
      <node ref="L1" pin="1"/>
    </net>
    <net code="30" name="Net-(J12-Pad2)">
      <node ref="J12" pin="2"/>
      <node ref="U10" pin="6"/>
    </net>
    <net code="31" name="Net-(J7-Pad2)">
      <node ref="J7" pin="2"/>
      <node ref="R6" pin="2"/>
    </net>
    <net code="32" name="PWM_OUT_0">
      <node ref="R6" pin="1"/>
      <node ref="U9" pin="10"/>
    </net>
    <net code="33" name="+12V">
      <node ref="U4" pin="1"/>
      <node ref="C1" pin="1"/>
      <node ref="J1" pin="2"/>
      <node ref="U4" pin="6"/>
      <node ref="U4" pin="2"/>
      <node ref="C2" pin="1"/>
    </net>
    <net code="34" name="/GPIO2(SDA1)">
      <node ref="P1" pin="3"/>
    </net>
    <net code="35" name="/GPIO9(SPI0_MISO)">
      <node ref="P1" pin="21"/>
    </net>
    <net code="36" name="/GPIO11(SPI0_SCK)">
      <node ref="P1" pin="23"/>
    </net>
    <net code="37" name="/GPIO18(GEN1)(PWM0)">
      <node ref="U5" pin="5"/>
      <node ref="P1" pin="12"/>
    </net>
    <net code="38" name="/GPIO15(RXD0)">
      <node ref="P1" pin="10"/>
      <node ref="U5" pin="3"/>
    </net>
    <net code="39" name="/GPIO14(TXD0)">
      <node ref="U5" pin="2"/>
      <node ref="P1" pin="8"/>
    </net>
    <net code="40" name="/GPIO17(GEN0)">
      <node ref="P1" pin="11"/>
    </net>
    <net code="41" name="/GPIO27(GEN2)">
      <node ref="P1" pin="13"/>
    </net>
    <net code="42" name="/GPIO22(GEN3)">
      <node ref="P1" pin="15"/>
    </net>
    <net code="43" name="/GPIO23(GEN4)">
      <node ref="P1" pin="16"/>
    </net>
    <net code="44" name="/GPIO10(SPI0_MOSI)">
      <node ref="P1" pin="19"/>
    </net>
    <net code="45" name="Net-(J5-Pad2)">
      <node ref="J5" pin="2"/>
      <node ref="U6" pin="3"/>
    </net>
    <net code="46" name="Net-(R8-Pad1)">
      <node ref="U8" pin="3"/>
      <node ref="R8" pin="1"/>
    </net>
    <net code="47" name="Net-(J5-Pad1)">
      <node ref="J5" pin="1"/>
      <node ref="U6" pin="2"/>
    </net>
    <net code="48" name="Net-(R10-Pad1)">
      <node ref="R9" pin="2"/>
      <node ref="R10" pin="1"/>
      <node ref="U8" pin="2"/>
    </net>
    <net code="49" name="Net-(J6-Pad2)">
      <node ref="U7" pin="3"/>
      <node ref="J6" pin="2"/>
    </net>
    <net code="50" name="Net-(J6-Pad1)">
      <node ref="U7" pin="2"/>
      <node ref="J6" pin="1"/>
    </net>
    <net code="51" name="/GPIO21(SPI1_SCK)">
      <node ref="P1" pin="40"/>
    </net>
    <net code="52" name="/GPIO3(SCL1)">
      <node ref="P1" pin="5"/>
    </net>
    <net code="53" name="/GPIO4(GCLK)">
      <node ref="P1" pin="7"/>
    </net>
    <net code="54" name="/GPIO24(GEN5)">
      <node ref="P1" pin="18"/>
    </net>
    <net code="55" name="/GPIO19(SPI1_MISO)">
      <node ref="P1" pin="35"/>
    </net>
    <net code="56" name="/ID_SD">
      <node ref="P1" pin="27"/>
    </net>
    <net code="57" name="/GPIO5">
      <node ref="P1" pin="29"/>
    </net>
    <net code="58" name="/GPIO6">
      <node ref="P1" pin="31"/>
    </net>
    <net code="59" name="/GPIO13(PWM1)">
      <node ref="P1" pin="33"/>
    </net>
    <net code="60" name="/GPIO26">
      <node ref="P1" pin="37"/>
    </net>
    <net code="61" name="/GPIO20(SPI1_MOSI)">
      <node ref="P1" pin="38"/>
    </net>
    <net code="62" name="/GPIO16">
      <node ref="P1" pin="36"/>
    </net>
    <net code="63" name="/GPIO12(PWM0)">
      <node ref="P1" pin="32"/>
    </net>
    <net code="64" name="/ID_SC">
      <node ref="P1" pin="28"/>
    </net>
    <net code="65" name="/GPIO7(SPI1_CE_N)">
      <node ref="P1" pin="26"/>
    </net>
    <net code="66" name="/GPIO8(SPI0_CE_N)">
      <node ref="P1" pin="24"/>
    </net>
    <net code="67" name="/GPIO25(GEN6)">
      <node ref="P1" pin="22"/>
    </net>
    <net code="68" name="Net-(R2-Pad1)">
      <node ref="R2" pin="1"/>
      <node ref="U2" pin="1"/>
    </net>
    <net code="69" name="Net-(J3-Pad2)">
      <node ref="J3" pin="2"/>
      <node ref="R2" pin="2"/>
    </net>
    <net code="70" name="Net-(J8-Pad1)">
      <node ref="R9" pin="1"/>
      <node ref="U8" pin="1"/>
      <node ref="J8" pin="1"/>
    </net>
    <net code="71" name="Net-(C6-Pad1)">
      <node ref="R8" pin="2"/>
      <node ref="R7" pin="1"/>
      <node ref="C6" pin="1"/>
    </net>
    <net code="72" name="AOUT">
      <node ref="R7" pin="2"/>
      <node ref="U9" pin="9"/>
    </net>
    <net code="73" name="CS_TC_0">
      <node ref="U6" pin="6"/>
      <node ref="U9" pin="23"/>
    </net>
    <net code="74" name="CS_TC_1">
      <node ref="U9" pin="24"/>
      <node ref="U7" pin="6"/>
    </net>
    <net code="75" name="ADS_DRDY">
      <node ref="U10" pin="2"/>
      <node ref="U9" pin="26"/>
    </net>
    <net code="76" name="ADS_SDA">
      <node ref="U10" pin="9"/>
      <node ref="U9" pin="27"/>
    </net>
    <net code="77" name="ADS_SCL">
      <node ref="U10" pin="10"/>
      <node ref="U9" pin="28"/>
    </net>
    <net code="78" name="MOSI">
      <node ref="J15" pin="1"/>
      <node ref="U9" pin="15"/>
    </net>
    <net code="79" name="Net-(J15-Pad3)">
      <node ref="J15" pin="3"/>
    </net>
    <net code="80" name="SCK">
      <node ref="J15" pin="7"/>
      <node ref="U7" pin="5"/>
      <node ref="U9" pin="17"/>
      <node ref="U6" pin="5"/>
    </net>
    <net code="81" name="MISO">
      <node ref="U7" pin="7"/>
      <node ref="U9" pin="16"/>
      <node ref="J15" pin="9"/>
      <node ref="U6" pin="7"/>
    </net>
    <net code="82" name="INT1_PULSE_IN">
      <node ref="U9" pin="1"/>
      <node ref="U3" pin="4"/>
    </net>
    <net code="83" name="Net-(J13-Pad1)">
      <node ref="J13" pin="1"/>
      <node ref="R15" pin="1"/>
      <node ref="U10" pin="4"/>
    </net>
    <net code="84" name="Net-(J14-Pad1)">
      <node ref="R16" pin="1"/>
      <node ref="J14" pin="1"/>
      <node ref="U10" pin="5"/>
    </net>
  </nets>
</export>
