"Id";"Designator";"Package";"Quantity";"Designation";"Supplier and ref";
1;"J9";"PinHeader_1x02_P2.54mm_Vertical";1;"4-20mA";;;
2;"R36";"R_0805_2012Metric";1;"165";;;
3;"R35,R1";"R_0805_2012Metric";2;"150k";;;
4;"R12";"R_0805_2012Metric";1;"10k";;;
5;"C23,C20,C17";"C_0805_2012Metric";3;"100nF";;;
6;"C25,C24,C11,C12";"C_0805_2012Metric_Pad1.15x1.40mm_HandSolder";4;"100nF";;;
7;"R34,R33,R32,R13";"R_0805_2012Metric";4;"100";;;
8;"U1";"SOIC-8_3.9x4.9mm_P1.27mm";1;"LM358";;;
9;"R11";"R_0805_2012Metric";1;"33k";;;
10;"L1";"L_10.4x10.4_H4.8";1;"3.3uH";;;
11;"C22";"C_0805_2012Metric";1;"0.1uF";;;
12;"J6";"TerminalBlock_Wuerth_691311400102_P7.62mm";1;"TC_1";;;
13;"J5";"TerminalBlock_Wuerth_691311400102_P7.62mm";1;"TC_0";;;
14;"R31,R21,R20,R24,R30,R29,R28,R27,R26,R25,R19,R18,R8,R6,R17";"R_0805_2012Metric_Pad1.15x1.40mm_HandSolder";15;"1k";;;
15;"C18,C21,C19,C3";"C_0805_2012Metric";4;"10nF";;;
16;"U12,U5";"SSOP-20_5.3x7.2mm_P0.65mm";2;"MAX31865";;;
17;"U7,U6";"TSSOP-14_4.4x5mm_P0.65mm";2;"MAX31856";;;
18;"C4,C2,C9,C10";"C_0805_2012Metric_Pad1.15x1.40mm_HandSolder";4;"0.1uF";;;
19;"C5,C16";"CP_Elec_8x6.9";2;"100uF";;;
20;"J15";"PinHeader_2x03_P2.54mm_Vertical";1;"AVR-ISP-6";;;
21;"Y1";"Crystal_HC49-4H_Vertical";1;"8MHz";;;
22;"C15";"C_0805_2012Metric_Pad1.15x1.40mm_HandSolder";1;"1uF";;;
23;"P1";"PinSocket_2x20_P2.54mm_Vertical";1;"Conn_02x20_Odd_Even";;;
24;"MK4,MK3,MK2,MK1";"MountingHole_2.7mm_M2.5";4;"M2.5";;;
25;"C1";"CP_Elec_5x5.3";1;"4.7uF";;;
26;"C6";"C_1206_3216Metric_Pad1.42x1.75mm_HandSolder";1;"1Uf";;;
27;"C7,C8";"C_0805_2012Metric_Pad1.15x1.40mm_HandSolder";2;"18pF";;;
28;"J1";"TerminalBlock_bornier-2_P5.08mm";1;"12V IN";;;
29;"J2";"TerminalBlock_bornier-2_P5.08mm";1;"SOLDATA";;;
30;"J3,J4";"TerminalBlock_bornier-2_P5.08mm";2;"FLOW_PULSE";;;
31;"J7";"TerminalBlock_bornier-2_P5.08mm";1;"PWM_OUT_0";;;
32;"J8";"TerminalBlock_bornier-2_P5.08mm";1;"0-10V_OUT";;;
33;"J12";"TerminalBlock_bornier-3_P5.08mm";1;"PRESSURE";;;
34;"J13";"JST_XH_B2B-XH-A_1x02_P2.50mm_Vertical";1;"NTC_0";;;
35;"J14";"JST_XH_B2B-XH-A_1x02_P2.50mm_Vertical";1;"NTC_1";;;
36;"R2,R3,R7";"R_1206_3216Metric_Pad1.42x1.75mm_HandSolder";3;"4.3k";;;
37;"R4";"R_1206_3216Metric_Pad1.42x1.75mm_HandSolder";1;"1.8k";;;
38;"R5";"R_1206_3216Metric_Pad1.42x1.75mm_HandSolder";1;"330";;;
39;"R9";"R_1206_3216Metric_Pad1.42x1.75mm_HandSolder";1;"2k";;;
40;"R10";"R_1206_3216Metric_Pad1.42x1.75mm_HandSolder";1;"1k";;;
41;"R14,R15,R16";"R_1206_3216Metric_Pad1.42x1.75mm_HandSolder";3;"10k";;;
42;"U2,U3";"DIP-4_W7.62mm";2;"PC817";;;
43;"U4";"DFN-8-1EP_4x4mm_P0.8mm_EP2.5x3.6mm";1;"ST1S10PUR";;;
44;"U9";"TQFP-32_7x7mm_P0.8mm";1;"ATmega328P-AU";;;
45;"U10";"TSSOP-10_3x3mm_P0.5mm";1;"ADS1015IDGS";;;
46;"J11";"PinHeader_1x03_P2.54mm_Vertical";1;"SERIAL";;;
47;"J16";"PinHeader_1x02_P2.54mm_Vertical";1;"SCREEN";;;
48;"C13,C14";"C_0805_2012Metric_Pad1.15x1.40mm_HandSolder";2;"0.01uF";;;
49;"J17,J18";"TerminalBlock_bornier-4_P5.08mm";2;"PT1000";;;
50;"R22,R23";"R_0805_2012Metric_Pad1.15x1.40mm_HandSolder";2;"4,3k";;;
51;"U11";"SOT-223-3_TabPin2";1;"AMS1117-3.3";;;
